group,experiment,mean_benefit,median_benefit,std,stability_ratio,n_sequences
perf_add,ADD_SAO,11.577593112009698,6.31154798104836,8.183238799261018,1.0,5
perf_add,ADD_RDOQ,11.577593112009698,6.31154798104836,8.183238799261018,1.0,5
perf_add,ADD_Deblock,11.577593112009698,6.31154798104836,8.183238799261018,1.0,5
perf_add,ADD_ALF,11.577593112009698,6.31154798104836,8.183238799261018,1.0,5
perf_ablate,ABLATE_RDOQ,4.631521905990872,4.588468268378421,1.4081305488060385,1.0,5
perf_ablate,ABLATE_ALF,2.310367759058538,2.715608527522151,1.4822986086633037,1.0,5
perf_ablate,ABLATE_Deblock,1.431206257900044,1.237810512128612,0.9148728844593051,1.0,5
perf_ablate,ABLATE_SAO,0.04421151078053631,0.06160435204671799,0.18840817187642933,0.6,5
